name, address, website
@ Risk Underwriting Pty Ltd,Level 5 77 Pacific Highway North Sydney New South Wales Australia 2060 ,http://www.riskuw.insure
+SIMPLE ITALIA AGENCY Srl,Viale Sarca 336/F Milan Milan Lombardia Italy 20126 ,http://www.agency.plussimple.com 
+Simple.fr,2 Rue Grignan Marseille Ile-De-France France 13001 ,http://www.plussimple.com
11196731 Canada Inc.,133  1ere Avenue Ouest Amos Quebec Canada J9T 1V1 ,http://www.just-underwriting.com
1786992 Alberta Ltd,210 - 3502 Taylor Street East Saskatoon Saskatchewan Canada S7H 5H9 ,
1786992 Alberta Ltd,#205 101 Riel Drive St.Albert Alberta Canada T8N 3X4 ,
1Cover NZ Ltd,1Cover Travel Insurance Level 21 68 Pitt Street Sydney New South Wales Australia 2000 ,https://www.1cover.co.nz/
1Cover Pty Ltd,Level 21 68 Pitt Street Sydney New South Wales Australia NSW 2000 ,http://www.1cover.com.au
3 Dimensional Insurance Ltd,Warlies Park House Horseshoe Hill Upshire Essex United Kingdom EN9 3SL ,http://www.3diltd.co.uk
3 Spheres Assurance,2540 Daniel-Johnson Blvd Suite 1000 Laval Quebec Canada H7T 2S3 ,http://www.3spheresassurance.com
3303128 Canada Inc.,250 The Esplanade Suite 302 Toronto Ontario Canada M5A 1J2 ,http://www.axxima.ca
360 Accident and Health Pty Ltd,Suite 1  Level 22  345 Queen Street Brisbane Queensland Australia QLD 4000 ,
360 Accident and Health Pty Ltd,Suite 3  Level 18  201 Kent Street Sydney New South Wales Australia 2000 ,http://www.360uw.com.au
360 Complex Risks Pty Ltd,Level 18 201 Kent Street Sydney New South Wales Australia 2000 ,
360 Complex Risks Pty Ltd,Level 3  240 Pacific Highway  Charlestown New South Wales Australia 2290 ,
360 Financial Lines Pty Ltd,Level 18  201 Kent Street Sydney New South Wales Australia 2000 ,
360 Quick Construct Pty Ltd,Suite 3 Level 18 201 Kent St Sydney New South Wales Australia NSW 2000 ,http://360uw.com.au
360 Underwriting Solutions Pty Ltd,Suite 3  Level 18 201 Kent Street Sydney New South Wales Australia 2000 ,http://www.360uw.com.au
360 Underwriting Solutions Pty Ltd,Suite 1  Level 22 345 Queen Street Brisbane Queensland Australia QLD 400 ,
3xd Limited,Halls Arms Business Centre Clitheroe Road Knowle Green Preston Lancashire United Kingdom PR3 2XR ,http://www.3xd.co.uk
512111 BC Ltd,#401 - 850 Harbourside Drive North Vancouver British Columbia Canada V7P 0A3 ,http://www.chutteruw.com
9126-9860 Quebec Inc,4 Carre Westmount Square Bureau 200 Westmount (Quebec) Montreal Quebec Canada H3Z 2S6 ,http://www.fort-groupe.com
A C & D Insurance Services Ltd,1315 Marine Drive North Vancouver British Columbia Canada V7P 3E5 ,http://www.acdinsurance.com
A.I.S. Insurance Brokers Pty Limited,137 Moray Street South Melbourne Victoria Australia 3205 ,http://www.aisinsurance.com.au
A.S.E. Insurance Agency (UK) Limited,The Old Post Office 2 Mill Road Maldon Essex Essex United Kingdom CM9 5HZ ,
Abbeygate Insurance Brokers Ltd,1 Mesogi Avenue Paphos Pafos Cyprus 8280 ,http://www.abbeysure.com
ABBM Company, LLC,3322 West End Avenue Suite 500 Nashville Tennessee U.S.A 37203 ,http://www.andersonbenson.com
ABEX Affiliated Brokers Exchange Inc,206-139 Northfield Dr. W. Waterloo Ontario Canada N2L 5A6 ,http://www.abexinsurance.com
About Underwriting Pty Ltd.,Suite 304 546 Collins Street Melbourne Victoria Australia 3000 ,http://aboutunderwriting.com.au
Abu Dhabi Reinsurance Company Limited,712  Level 7  Al Sarab Tower AGGM Square Al Maryah Island ADGM United Arab Emirates (Dubai (DIFC)) ,http://www.adreuae.com
Academy Plus Insurance Limited,73 Lower Leeson Street Dublin Co. Dublin Republic of Ireland 2 ,http://www.academyplus.net
Accident & Health Underwriting Limited,7-8 Ducketts Wharf South Street Bishop's Stortford Hertfordshire United Kingdom CM23 3AR ,http://www.ahulimited.com
Accountancy Insurance Brokers Limited,90 Sheppard Ave East Suite 610 Toronto Ontario Canada M2N 3A1 ,http://www.accountancyinsurance.ca
Accountancy Insurance Brokers Limited,Level 9  60 Albert Road South Melbourne Victoria Australia 3205 ,
Accountancy Insurance New Zealand Limited Partnership,Level 9  60 Albert Road South Melbourne Victoria Australia 3205 ,http://www.accountancyinsurance.com.au
Accountancy Insurance New Zealand Limited Partnership,Level 4  5 Short Street Newmarket  Auckland North Island New Zealand 1023 ,http://www.accountancyinsurance.co.nz
ACERA Insurance Services Ltd,1331 Macleod Trail SE Suite #800 Calgary Alberta Canada T2G 0K3 ,http://www.rogersinsurance.ca
Acera Insurance Services Ltd,100-1500 Hardy Street Kelowna British Columbia Canada V1Y 8H2 ,http://www.capri.ca, www.capricmw.ca
Acera Insurance Services Ltd - Compliance,100 -1500 Hardy Street Kelowna British Columbia Canada V1Y 8H2 ,http://www.capri.ca, www.capricmw.ca
Acera Insurance Services Ltd.,700-2025 Willingdon Avenue Burnaby British Columbia Canada V5C 0J3 ,http://www.CapriCMW.ca
Acies Mangement Holdings Limited,71 Fenchurch Street London London United Kingdom EC3M 4BS ,http://www.aciesmgu.com
ACIS UNDERWRITING AGENCIES LIMITED,40 Gracechurch Street London London United Kingdom EC3 0VT ,
ACORN INSURANCE AND FINANCIAL SERVICES LIMITED,84 St Mary's Row Moseley Birmingham United Kingdom B13 9EG ,
ACORN INSURANCE AND FINANCIAL SERVICES LIMITED,The Lighthouse 98 Liverpool Road Formby Liverpool Merseyside United Kingdom L37 6BS ,http://www.graniteunderwriting.co.uk
ACORN INSURANCE AND FINANCIAL SERVICES LIMITED,2  Byron Parade  Uxbridge Road Hillingdon United Kingdom UB10 0LZ ,
ACORN INSURANCE AND FINANCIAL SERVICES LIMITED,100  Anerley Road Crystal Palace London United Kingdom SE192AN ,
ACORN INSURANCE AND FINANCIAL SERVICES LIMITED,69-73 Ben Jonson Road Stepney Green London United Kingdom E1 4SA ,http://www.acorninsure.com and www.motorcade.co.uk
ACORN INSURANCE AND FINANCIAL SERVICES LIMITED,Troutbeck House 27-35 Brows Lane Formby Mersyside United Kingdom L37 4HN ,
ACORN INSURANCE AND FINANCIAL SERVICES LIMITED,50  Town Sreet Armley Leeds United Kingdom LS12 3AA ,
ACORN INSURANCE AND FINANCIAL SERVICES LIMITED,68  Nile Street London United Kingdom N1 7SR ,
